dataset,subject,session,mu_ERD_CV_contra_mean_T1,beta_ERD_CV_contra_mean_T1,mu_onset_latency_mean_mean_T1,mu_onset_latency_SD_mean_T1,beta_onset_latency_mean_mean_T1,beta_onset_latency_SD_mean_T1,mu_ERD_CV_contra_mean_T2,beta_ERD_CV_contra_mean_T2,mu_onset_latency_mean_mean_T2,mu_onset_latency_SD_mean_T2,beta_onset_latency_mean_mean_T2,beta_onset_latency_SD_mean_T2
BNCI2014_004,1,0train,1.4468118804972914,19.061933713771452,0.651875,0.18767562812387162,0.6136458333333333,0.20145361049533742,2.5638317233652024,100.03510864526014,0.7721874999999999,0.390541496953224,0.6979166666666666,0.2745682497953839
BNCI2014_004,1,1train,1.1000604526526527,25.436444143296526,0.6389583333333332,0.21377509358880917,0.6536458333333334,0.20385406801438188,3.0199565756671354,4.300474175643402,0.7510416666666666,0.3508620047741911,0.8059375000000001,0.5210417492784448
BNCI2014_004,1,2train,3.0710869385462085,4.959751794538827,0.7349744776828112,0.39311526027325533,0.727999614197531,0.3376234973281533,1.9148614807312676,4.905740620122123,0.6848776115859451,0.23216537085691613,0.6015135327635327,0.15433790033013964
BNCI2014_004,1,3test,3.9315674064560273,5.559047565661491,0.7928537511870846,0.3368975320618454,0.6366393637226971,0.23861477980848111,3.0064219075624585,571.426877658177,0.8161769943019942,0.4020194472860769,0.618349358974359,0.19568870032050434
BNCI2014_004,1,4test,5.815431979130956,23.396253594539726,0.7638384377967711,0.3120563242042965,0.6519764957264956,0.23345524956872177,3.9803145106005675,9.475235116090683,0.7938152896486229,0.34809366513277146,0.6972251899335232,0.2565912995960728
BNCI2014_004,2,0train,4.529801504033035,3.6707212830097276,0.7898958333333334,0.3021658447346977,0.7546875000000001,0.37203424421749504,1.3225112705753383,5.142306844540189,0.7624999999999998,0.3312435263230938,0.7263541666666667,0.3046978023253661
BNCI2014_004,2,1train,5.676170411240011,4.341643530269849,0.9011622807017545,0.5415668561759076,0.6607401315789474,0.16015178249969017,4.775560773500286,2.8940973550547775,0.6853673245614035,0.26541189144905875,0.6819024122807017,0.24534713231552807
BNCI2014_004,2,2train,31.730863762502597,15.280101744625922,0.7867165242165243,0.32232670355912457,0.689568494776828,0.2592296538880701,21.959693803104233,9.894868859871584,0.7719788698955364,0.31620492420441165,0.7146388888888889,0.2471161728074299
BNCI2014_004,2,3test,8.850217510404713,829.2697575490614,0.738125,0.2679863147103177,0.6634375,0.25962279631129453,13.79581657630608,2.7523318208356176,0.775,0.3341383375368047,0.7205208333333334,0.2995361728762019
BNCI2014_004,2,4test,8.450334803483942,7.655331497473827,0.7948576685660019,0.2876422459317139,0.7258031813865147,0.28091186789965344,9.2979291478444,3.3072113120958284,0.8207932692307692,0.3674160437466631,0.6981125356125357,0.25843768293432073
BNCI2014_004,3,0train,10.428089501972057,7.602402681901547,0.7418092105263158,0.33788526460933027,0.6997916666666667,0.2689555318432448,18.266791034368584,2.9024203702950664,0.8099999999999999,0.41514844199455747,0.8760964912280702,0.5230655594198145
BNCI2014_004,3,1train,18.09530111809438,13.931789081795769,0.7704495614035088,0.3898958296765637,0.7052083333333333,0.27631942497315587,8.68151194958183,26.57971692066286,0.755953947368421,0.37175894344040233,0.7786896929824562,0.30199252747118926
BNCI2014_004,3,2train,17.820165931184338,38.947685084429914,0.7958395061728395,0.42456784876646253,0.7228127967711301,0.2715389033309392,10.607187690642354,48.864655623001,0.9261153846153847,0.5416684598145389,0.7304368471035138,0.3233340378268667
BNCI2014_004,3,3test,15.30342079334212,11.673600524005352,0.9025524691358026,0.5499699852966146,0.647477445394112,0.1837774043282764,8.38334943128047,3.985278714871109,0.8230000000000001,0.35304575380735276,0.7364567901234569,0.320810842120452
BNCI2014_004,3,4test,29.39617986100133,8.599624170618194,0.8915185185185185,0.5348788372995518,0.6946574074074073,0.30916913392023354,12.379962965493183,4.889180086143977,0.843147554605888,0.4419192873715951,0.6920940170940172,0.27167647389129573
BNCI2014_004,4,0train,2.706528054197479,4.850656499734804,0.7400000000000001,0.29947313881705284,0.6272916666666667,0.15778095932519856,5.394659858986169,7.782423894000918,0.8686226851851849,0.4681845217231282,0.69125,0.261928429753761
BNCI2014_004,4,1train,8.727076397263131,35.2841908749334,0.7044428661616161,0.2887462271142709,0.6632215497364954,0.2608151125304685,1.1339950413184183,4.956597526756013,0.6726864432367149,0.3303632971594764,0.6606242451690822,0.192332611374
BNCI2014_004,4,2train,3.386450789400019,4.450215962841639,0.7494984567901234,0.3191036543844605,0.6264749525166191,0.18069280669846388,0.9779732989278361,1.0336568981213599,0.6131914767331433,0.1477566042281054,0.6139007597340931,0.13099392020500233
BNCI2014_004,4,3test,3.2711592312524562,2.3718684829646475,0.69122150997151,0.22979943924945082,0.6132805080721747,0.15237009167644724,0.9449451868136395,1.3302428366282442,0.5888087606837606,0.13470132170566826,0.597207383665717,0.11971323833459091
BNCI2014_004,4,4test,3.2640450500171063,7.860039290176039,0.8388740503323837,0.349418443841629,0.6138057929724595,0.12652028063485893,1.9444729513742303,1.9911521017541443,0.7568024691358025,0.39001319352349895,0.6609745963912631,0.2624615458294855
BNCI2014_004,5,0train,10.144702930692558,15.431561559683695,0.883259015594542,0.5873838113362982,0.6737883771929826,0.22799612451862572,21.51713726344992,3.9322248112158764,0.7718341861598441,0.3280467921627253,0.6537390350877194,0.1699146725388296
BNCI2014_004,5,1train,9.685532855132113,16.488970297059392,0.8313017598343686,0.45958662420532387,0.6321557971014493,0.14708495512191624,4.874791716643167,47.16677246497809,0.6651543090062112,0.2520260122845304,0.6617527173913044,0.28720235335444744
BNCI2014_004,5,2train,16.600440083184058,1.325505248530771,0.7980052231718898,0.45786475379582403,0.6340515194681862,0.18540134870656777,56277.92630289381,86.92902315717966,0.6879320987654322,0.25536219893115847,0.6461574074074075,0.1731692357398501
BNCI2014_004,5,3test,5.42830346061553,7.604777819533806,0.806394675925926,0.43354448979680243,0.6363302469135803,0.1544347563422906,22.609386024419322,8.339648718897536,0.779252730294397,0.3950156816529781,0.6867716049382716,0.22397880351661437
BNCI2014_004,5,4test,11.231016909551093,2.0892004838525158,0.8347701804368471,0.3914389306366612,0.6701898148148149,0.22558972635457686,53.78398684975323,2.433993994933037,0.8352029914529915,0.46348987634585964,0.645278371320038,0.19273174491259082
BNCI2014_004,6,0train,4.302703867449832,12.912816660396771,0.7596753167641325,0.3184604433840407,0.6583333333333333,0.2075105358581033,8.400342364220725,5.249340596958657,0.7853453947368422,0.5201089264544502,0.6763541666666667,0.28054569607492175
BNCI2014_004,6,1train,7.26573311134029,2.7421878045483847,0.7243695175438596,0.23844844994987394,0.70125,0.2942446699323526,11.044634903285603,29.950757608834692,0.8079166666666667,0.5152585173235957,0.6976644736842106,0.3019217832183743
BNCI2014_004,6,2train,4.710149864024611,9.23765253596526,0.7964001661918328,0.43823646084992834,0.7151442307692307,0.3373523260260893,174.57949395237617,10.39202817592865,0.780074074074074,0.3722235118040553,0.7603840218423552,0.3758359896120074
BNCI2014_004,6,3test,4.140248850047454,5.097906747972749,0.7921689518043685,0.3840308761079354,0.7031949192782526,0.3150345485742018,7.887721562715151,33.749737589797824,0.7890889126305792,0.3445696271757792,0.7443880579297245,0.4086472243470165
BNCI2014_004,6,4test,6.821835460519765,8.384528315196997,0.828130935422602,0.39931143453150125,0.7108469848053182,0.28338887146530783,6.168610722441559,47.75741157232019,0.7218888888888889,0.2773057266298198,0.6535078347578348,0.18671792117176653
BNCI2014_004,7,0train,10.299181580360408,3.898781077876574,0.6991666666666667,0.25105601877459166,0.6691392543859648,0.21860541443057382,8.546371721232697,2.8618734191424804,0.8718695175438597,0.4287714874854583,0.6023958333333334,0.12817150684798798
BNCI2014_004,7,1train,10.142482079868548,137.87726747520387,0.7635416666666668,0.3275883834572195,0.613125,0.13191490770271622,14.08173652208531,13.539989213445713,0.6684259259259259,0.1837825767165977,0.6848793859649124,0.1877188353175835
BNCI2014_004,7,2train,16.318653413240465,31.3172720043149,0.8121052943969612,0.41294293665112053,0.6889444444444445,0.24765518058203687,14.788015792172729,6.264742207366872,0.794747150997151,0.38944609018598414,0.7350367996201328,0.23177747035499327
BNCI2014_004,7,3test,3.448848225734997,2.8626434156841025,0.7523814102564103,0.34965983255651745,0.7161147910731244,0.3439960759315603,6.47613839768308,7.063373134978789,0.7606141975308643,0.3410417588046317,0.6623872269705603,0.2161820505974067
BNCI2014_004,7,4test,9.545383701564083,4.4892289801105045,0.8043975546058878,0.3653431478224736,0.7141141975308641,0.28669312629561955,3.8610698209434506,10.843403388070605,0.7191684472934473,0.2986766374723757,0.6995400047483381,0.30473157189956407
BNCI2014_004,8,0train,5.879117066669674,10.884299641124406,0.8281296296296295,0.40147951863997694,0.7525950854700856,0.3241359418700918,4.276576201711009,8.84133025983252,0.8013888888888888,0.43482385459376044,0.7857312440645773,0.44125182067858537
BNCI2014_004,8,1train,3.641664447052539,4.96979064065403,0.7896200980392156,0.2987215749575854,0.6900000000000001,0.20144556091247293,12.883764824086988,8.140057339307662,0.7471795808966862,0.3099112806884545,0.6740679824561404,0.1817852764327427
BNCI2014_004,8,2train,2.901382459642376,5.017894531206042,0.8965555555555556,0.4979001543179768,0.7840099715099714,0.437212491872355,6.221208791519942,16.608612195363953,0.778679012345679,0.4219994121449327,0.6882145061728395,0.25543767689165975
BNCI2014_004,8,3test,4.591343792235607,4.414618060186225,0.9815064102564101,0.6017905841291005,0.7482259021842355,0.2534222164100992,2.2798217010875255,6.111096648741335,0.8404565823836657,0.4438498496989743,0.7088289411206077,0.2771597893768966
BNCI2014_004,8,4test,3.3966599253627145,14.403146640988773,0.6913461538461538,0.22544798391478013,0.6736666666666667,0.19825042273675075,3.123762939987863,5.289421682998431,0.7404989316239315,0.296335173530593,0.6650017806267806,0.2227278376873704
BNCI2014_004,9,0train,7.547088145431565,25.214074001359176,0.7079127966976264,0.3418536413344265,0.7494517543859649,0.45103132081812364,4.717240359197443,12.135595552563013,0.9080208333333332,0.550262530500974,0.6794078947368419,0.24343706870035187
BNCI2014_004,9,1train,6.017920262907418,14.029793320871901,0.6730360623781676,0.23546040906853727,0.7082291666666668,0.27052140249585116,7.368499139694358,15.798229146614233,0.9674571078431372,0.5553487727179957,0.6536019736842105,0.17832500929801673
BNCI2014_004,9,2train,7.535439528252251,2.3631752813445206,0.7561698717948718,0.2519576566629664,0.6550866571699906,0.16004830765711106,3.289571889730139,1.4333430695586256,0.6895773979107312,0.24010287075862732,0.6276175213675214,0.1394441406630854
BNCI2014_004,9,3test,2.9012981421643906,2.245207674215458,0.7919293684710351,0.3459858602584915,0.6706612060778728,0.22504589060262026,4.1713788726016725,1.9102883159747286,0.6661923076923078,0.2295700000647607,0.6420524691358024,0.17109961625151301
BNCI2014_004,9,4test,2.52251321712948,2.8417249185034517,0.7148059116809117,0.27919259936539403,0.6790954415954417,0.28489457111646077,1.4894426694463467,1.9711582027455377,0.7151234567901236,0.2941715991880849,0.67985814339981,0.26458096134298675
Cho2017,1,0,4.546488507429871,766.3504538691078,0.6837468374446553,0.42202723296231454,0.6342965500594177,0.2428032984979233,27.420614648496187,7.352784846633985,0.6437410815608815,0.343121319263712,0.7322978173276886,0.4045807873359548
Cho2017,2,0,9.321842238008594,8.325736252978684,0.7006357230392157,0.3031883239874291,0.7101510239970866,0.39337022835193297,7.427077500407435,10.163005032538921,0.7093512097073678,0.3556801288415445,0.6997084818775995,0.28924810209318164
Cho2017,3,0,5.529112641984895,1.3564025174021441,0.6958333333333333,0.3498956002557468,0.6363209298871064,0.18941639828263734,30.827354217535447,2.680193199005521,0.7534796494355317,0.39049118224211227,0.6314539002153893,0.187517174575445
Cho2017,4,0,2.762913580881108,8.624981499066175,0.695144459298871,0.48334495843575515,0.7027641999034463,0.4155571134995301,9.610287564402872,8.02717812489036,0.7075813279857398,0.4291652460694524,0.6489490493166964,0.3227987759721218
Cho2017,5,0,0.7294425870954062,1.2377068534985096,0.6058359328579916,0.21543799958189977,0.6375928401663695,0.1531552015542317,0.6907186647996354,0.9059209650234709,0.6298573975044564,0.22331232082122462,0.6181743909685087,0.180927512260189
Cho2017,6,0,3.257890210077685,1.9362865587524591,0.7391454871293579,0.2782763857539113,0.7181104473039216,0.3167440999399374,4.883626460616623,10.77694923601753,0.7590145480540702,0.27673646143444053,0.6855800653594771,0.2878782994796875
Cho2017,7,0,2.4401092067783305,10.441925447252837,0.7390955353126406,0.40833177079482136,0.6642132675438597,0.2335042036358712,5.133592249656533,4.182457026054284,0.709105235042735,0.31476307540262105,0.6563200770355376,0.24813826570195038
Cho2017,8,0,4.759530649537236,22.500321298766053,0.8991161616161616,0.5041234713817219,0.680206360479798,0.28181451378915606,28.924738299956022,14.13523362290129,0.808953505644682,0.46599722270111,0.7093304367201426,0.30207563306056084
Cho2017,9,0,2.0540564430339447,7.682916387907029,0.6692815170940172,0.24694965092405066,0.6479046474358974,0.18402177065780867,2.0454513606023332,9.99822054045646,0.7847529380341881,0.376865914458566,0.6675427350427349,0.249475646272585
Cho2017,10,0,6.895071499514697,4.202472712474576,0.6636336944815805,0.3383833426925549,0.6245692216280451,0.18806072163942397,5.207697218298297,3.131796549313522,0.714737331959299,0.34459782857895876,0.6554070112893643,0.23572070225845762
Cho2017,11,0,3.8306670565651406,15.945882144979699,0.755154366243076,0.4258392103612431,0.7268085264408793,0.3523324731426869,23.757473589548066,8.51288656319744,0.7005329886567285,0.2895863812800295,0.7169321895424837,0.36667018467333623
Cho2017,12,0,16.91233331002145,71.57156990771257,0.7505966927337896,0.4825041636016873,0.6904671717171716,0.282357342946098,97.53509943011666,2.855082053914082,0.6822687815656564,0.3451466255895796,0.6333659434417708,0.2027492115341347
Cho2017,13,0,44.10009418217134,7.216991365297168,0.6525410353535354,0.24232192223546326,0.6568497474747474,0.2573401677820674,2.9664457842357184,7.988140108262278,0.6032256155303031,0.18137609694015225,0.621710208704694,0.20969286115331054
Cho2017,14,0,0.6557316532401444,1.7372728533003352,0.5997920380273322,0.1532228572828346,0.6040404040404042,0.15182346510423797,0.9968653252154098,1.1792629342205248,0.6832504734848485,0.3140692340843792,0.6221405228758169,0.19030180559443974
Cho2017,15,0,16.29816733019238,5.606721605470689,0.721511103983382,0.33779893932396754,0.643972816399287,0.224839964000491,3.5653326153822102,4.905914886755373,0.7291722370766488,0.3741995883774698,0.6853209252450979,0.28763706832087843
Cho2017,16,0,93.61927892325765,12.311803006718874,0.8185900828134285,0.48325540380037574,0.6690210932857991,0.2208814316902692,12.077903376450694,20.67095155283282,0.8388524865591398,0.43693728785479413,0.6368060197563875,0.1756396685367293
Cho2017,17,0,5.519937970476289,11.165656939816254,0.7786468777852048,0.34809317532282064,0.6659722222222223,0.21305375169401022,14.02056411247142,5.247799982360154,0.8174242424242425,0.47961364554520675,0.6608845811051695,0.18975174267664366
Cho2017,18,0,13.302488844249458,11.45974638431244,0.7884232954545455,0.4250220352352942,0.6469026124623848,0.24538474703125698,4.8074916976782704,3.469356619757891,0.6214271622474747,0.1676806108103267,0.6273210041592394,0.17751685956547555
Cho2017,19,0,1.8648586359801156,3.119957966558873,0.7244949494949496,0.34108928442240244,0.6735962566844919,0.2711736902092731,3.0469330006524564,1.7382124553497054,0.7937500000000001,0.39205519549029993,0.6433787553847297,0.23133499040877678
Cho2017,20,0,35.050366958270146,2.5835046147823535,0.8082966764418377,0.470067269181857,0.6546775196821153,0.20986038369167512,6.318491300702104,2.228574924215367,0.7166882520053477,0.3729785506459075,0.6681117238562092,0.31541044339486185
Cho2017,21,0,1.8878974056473474,3.351120622340161,0.9191822196620584,0.6385215304786566,0.6779969966206179,0.28815146649972717,2.732457530240767,1.269044341617063,0.9473664648755026,0.6123197263458862,0.6229055258467023,0.14515436545079374
Cho2017,22,0,4.208750199898407,7.396979843936983,0.7848484848484848,0.4440881902193848,0.6988164039289959,0.27318884724208486,9.652089240521468,7.429152378262269,0.7535807291666666,0.35721115117433766,0.6321729473039216,0.25190479897795104
Cho2017,23,0,6.273872185368719,4.25908684436646,0.6606455176767677,0.33940217658945754,0.6432226678550208,0.20148650988387365,4.217719403676237,1.9999428846274618,0.5799364276960784,0.18500133308823083,0.6923779383912656,0.27232511944652554
Cho2017,24,0,1.9778205035194905,2.1401462536989038,0.7756194760101011,0.41271063242436634,0.6897979797979797,0.29205763336212126,2.2266402448138054,3.24488858240036,0.8504024621212122,0.52984540961354,0.7061396362522281,0.258286794138993
Cho2017,25,0,13.931472959753618,102.16352897302909,0.7307323232323233,0.3373483625900428,0.6717171717171718,0.37666709047177466,9.555460762398823,5.79346109129204,0.7450973316837732,0.41726905430701505,0.667669340463458,0.2244270073907473
Cho2017,26,0,1.3424573538176228,3.266449651475185,0.7537061794414736,0.39319648695785964,0.6614973262032086,0.19480907641669365,1.440227188848845,2.867514309464364,0.7770420044850784,0.49082521737301904,0.686224144013666,0.2978360299870126
Cho2017,27,0,26.559159935644548,5.614326158832163,0.8246192392676767,0.3879443790357744,0.7174948009506833,0.2826181476969571,6.569435295242346,11.980775872273655,0.7835887096774193,0.36826036365930287,0.72384634488265,0.34460168473603225
Cho2017,28,0,2.5158437072889224,1.6985592647988994,0.8683839776440879,0.41513408977597116,0.7389613042186571,0.3455659876211398,10.203971042288197,1.4020658701294983,0.8566485164141414,0.4628973140512305,0.7036931818181819,0.31387225072398944
Cho2017,29,0,12.02088835244023,1.316655723358842,0.8448232323232322,0.4568478999162191,0.6817363664215685,0.25304467745328224,12.185783921450158,2.467846482369407,0.8204810049019607,0.4474965283684769,0.7051544860368391,0.2868646221587197
Cho2017,30,0,4.307724947006837,4.656012957202435,0.677840909090909,0.2550698067440884,0.59987188057041,0.1301025431681153,2.863041826587559,3.9999094224502856,0.7405781157159833,0.3595701227577644,0.6574868631164587,0.29750368995120074
Cho2017,31,0,5.665610425605976,6.4393923894597735,0.7298756173871063,0.3148341497133846,0.6752525252525253,0.23670273485312507,17.673667616834894,5.4168925004076245,0.7163806029040404,0.2618548709227193,0.8034310730646123,0.43251686620117447
Cho2017,32,0,1.6884893104946384,6.6861154667120735,0.9217300907258065,0.5575143988259569,0.6383812852792632,0.1896852752180425,3.3964210204513585,13.952559978141446,0.8202575673307041,0.45724692545067674,0.6600378787878788,0.2420806455110427
Cho2017,33,0,1.4305024368938704,4.300598666475739,0.7599747474747475,0.455836979290916,0.6322285353535354,0.2402101377956193,2.6372798498270558,7.506032183444091,0.6923573975044564,0.36192090342563804,0.7251912507427213,0.33368656297498656
Cho2017,34,0,3.015189678273801,18.941269352392137,0.743768568033274,0.3818796326904898,0.7778130570409982,0.43349256469647335,3.5170408464849636,3.092583483014325,0.8648240214646465,0.508842575985827,0.6849803178847296,0.33163080463685174
Cho2017,35,0,3.6752556527525058,3.518908625642677,0.8057981978226286,0.4053589743560037,0.6312944472296494,0.14927929786326702,33.55872642570456,8.208626363564287,0.8784848230286739,0.4576470049439854,0.652920751633987,0.24480981411855596
Cho2017,36,0,8.234148551961612,5.039484220587454,0.7770981877599524,0.3910699307547613,0.7320845170454545,0.378189466614606,4.017411645992983,14.031183071875413,0.7772503258390356,0.41904129419585967,0.6498480902777778,0.17215470247155693
Cho2017,37,0,5.140823586992209,5.552978397223751,0.8294982221108139,0.4802505582423204,0.6922920612373739,0.22875481277817866,10.412303401284115,11.309186566329345,0.8144597398618538,0.3981989952888996,0.6567887050653595,0.26385269587788734
Cho2017,38,0,13.961599428393255,14.121096890986925,0.7553921568627451,0.34440574407780405,0.7095387468434343,0.2748722591165758,3.4507839379842244,13.636543515239886,0.7446005544354839,0.3577828313551854,0.6566529263220441,0.19488320206190787
Cho2017,39,0,1.1354077186509712,6.267243556368929,0.6327237654320989,0.3657909326646019,0.6129596748737374,0.2406304907708315,1.5582176524697635,14.01475220472885,0.5780642361111111,0.24448995730172599,0.624090514520202,0.2767107833084068
Cho2017,40,0,9.589178666472641,2.2393000480860312,0.6381428320503421,0.304834911338939,0.6258819815805109,0.15908329462683643,9.062917767584617,1.3903278299244235,0.6122474747474747,0.2841565201355297,0.6022845643939394,0.1555659296388845
Cho2017,41,0,7.4185139615875455,24.68839007058607,0.7670552027629233,0.4502436461630745,0.6332660242127154,0.18713732273377812,9.35942067810945,4.862331173727946,0.7601463857323232,0.4272855205530673,0.6414249041350412,0.2665725814871516
Cho2017,42,0,10.700044346087495,6.209320436847006,0.7897865372474747,0.3349573227132397,0.6767305107526882,0.29229843514619147,19.824432718295768,7.400335972084826,0.7970012626262627,0.4045446801862238,0.6711534447295536,0.24484758926073003
Cho2017,43,0,3.1992300214674465,2.717920213577187,0.85901512830511,0.4401516338346427,0.7378193701723114,0.3344467671733958,23.883565898429527,7.043117049627221,0.7641402536393346,0.3524605136884517,0.7201446913992869,0.24345746661047496
Cho2017,44,0,1.8561998644805957,2.09427315582577,0.6773358585858587,0.3514013455521005,0.65616458704694,0.18388817231599916,1.7380945356451345,2.0688474583256684,0.7016650883838383,0.2618201404508303,0.6558674985145574,0.21862907548827662
Cho2017,45,0,8.037865157278661,3.1537978786632554,0.65933229352347,0.28252809461244704,0.6438409833630422,0.18928905026693824,2.568167409343785,3.7092930567139137,0.6366038602941176,0.2781581490865576,0.6525215389185978,0.21798773177735295
Cho2017,46,0,3.357578709644141,18.826272201374014,0.5820997807017544,0.23162173236602157,0.6367080662393162,0.2714759494405343,5.022227167160822,4.771934180820061,0.6014752993124702,0.36425248275119576,0.6322878046315547,0.23466795381531358
Cho2017,47,0,24.79188564003006,208.38066333289976,0.7171835542929292,0.44126326757345335,0.6955529560308972,0.3715860368521786,1.927488708306725,17.52639299691839,0.6333500445632799,0.3360011527443587,0.6715853386809271,0.2732738287807374
Cho2017,48,0,3.3827696388012325,10.52796341430349,0.7278109761407175,0.38480986076546403,0.6884937379307784,0.2979908757844829,1.9493493259141033,147.02321532359312,0.6506846438172044,0.3498226241791325,0.6707553475935829,0.31254194474957697
Cho2017,49,0,3.9319697109310354,6.806612935864709,0.7787519406589616,0.41894005059643585,0.6669823232323232,0.2504810250540939,2.5541441636971567,3.1782698108713974,0.7292706476530005,0.36415278181066224,0.6978101325757575,0.35275351810197897
Cho2017,50,0,0.9060851387736936,2.8346032078179113,0.6642695335710042,0.29120335569832184,0.6494188205585264,0.25011299019928673,2.588309711023683,5.422926332977902,0.7198102346999405,0.35200467156872856,0.6878565062388592,0.24411220236833997
Cho2017,51,0,2.645415332663293,1.387960583780605,0.7995509089052288,0.4268352679488075,0.7095683396464647,0.3736694864654537,3.061782926806238,1.4015218587874412,0.7680792297979798,0.48439549533948156,0.7275912850935828,0.3891043196223189
Cho2017,52,0,6.904542031523885,5.622111497669562,0.7819720643939393,0.4239800376871948,0.6346646613190731,0.174546842945303,21.933082291497357,10.807265453608826,0.7700007891414141,0.37626392672236314,0.662326388888889,0.20828718094077212
Liu2024,1,0,2.3722815573963416,3.8782553544691623,0.9959821428571428,0.6586816451101167,0.7948412698412698,0.3985653016877672,2.942988776145516,3.522463418514788,0.9259424603174603,0.45075876802570164,0.7468749999999998,0.23865034186114328
Liu2024,2,0,6.901398293806843,3.024092063304966,0.8408234126984127,0.2285971763861534,0.6827380952380953,0.21359521657956562,7.975680506462131,12.52070614983746,0.8148313492063491,0.23941675145548455,0.6179563492063492,0.13338906999226763
Liu2024,3,0,96.8554512464113,4.4125289002369055,0.7661210317460317,0.2957966102256316,0.615625,0.17299226241892443,7.863561141774256,3.006786430109468,0.8851190476190475,0.4026402911045386,0.7912698412698412,0.3321569129816519
Liu2024,4,0,7.484373506125217,4.691841780661316,1.15843253968254,0.5194144755411697,0.6375992063492063,0.21450923572607014,15.293282696578041,10.331962062442448,0.7739285714285714,0.31222105424597885,0.7167162698412698,0.2537469314468344
Liu2024,5,0,7.484373506125217,4.691841780661316,1.15843253968254,0.5194144755411697,0.6375992063492063,0.21450923572607014,15.293282696578041,10.331962062442448,0.7739285714285714,0.31222105424597885,0.7167162698412698,0.2537469314468344
Liu2024,6,0,1.9313339579646467,0.913606672202998,0.8556051587301589,0.44595733135866306,0.8590476190476192,0.3806735783024792,2.8795994207808477,6.247635352012538,0.7762400793650794,0.2601297314615396,0.7457341269841269,0.2851911980039174
Liu2024,7,0,1.6482841019585137,3.331628315187308,0.8377480158730158,0.37709979493750967,0.6797123015873016,0.17839481350739658,4.304594439783816,2.5223774239402945,0.7721726190476191,0.2861965963869406,0.7080357142857143,0.32760070002567004
Liu2024,8,0,2.89846453376112,1.478009815745309,0.8314484126984126,0.3323877942025506,0.6722718253968253,0.1332659369979383,7.366811563143487,10.621284183126077,0.6685019841269842,0.1629399755931526,0.6638392857142857,0.15226778744168099
Liu2024,9,0,5.921799869375217,4.3323715751870715,0.8848214285714286,0.30768050948450804,0.6311011904761904,0.10551784045824551,4.780514720979572,20.90863278824647,0.8521329365079365,0.32007854018523213,0.6114087301587302,0.15510479976651867
Liu2024,10,0,1.0672577447312166,17.880799774895138,0.7000000000000001,0.17342352045093568,0.769593253968254,0.31536639886682233,17.116879292644104,12.48719093594795,0.7890873015873017,0.28927741426006054,0.7216269841269841,0.253086203442689
Liu2024,11,0,1.9955960002672557,6.283401264277714,0.6979166666666666,0.2778232806275624,0.7653769841269842,0.21374657810738965,31.124111848539943,11.518799981992203,0.671031746031746,0.23524198612131655,0.7552083333333334,0.29114982008906237
Liu2024,12,0,7.197166369479787,1.8710629869324507,0.685218253968254,0.24576907443184579,0.6384424603174604,0.15053023330078727,11.27563135519876,3.5978239482559573,0.6459325396825397,0.14784292714660438,0.750297619047619,0.3732404123214091
Liu2024,13,0,1.944050420625155,1.1538599343238083,0.6570436507936508,0.17314812916208347,0.6162202380952381,0.100303770942355,9.895274960089186,2.4977178466023973,0.7010119047619049,0.29684523791561473,0.69125,0.22140057684365413
Liu2024,14,0,2.555188662095679,42.40636087166242,1.041765873015873,0.5120195109396578,0.7467757936507936,0.3207496120139423,11.371844472573798,1.6315257110381898,0.984375,0.6300336079842759,0.6758928571428572,0.15551118342092393
Liu2024,15,0,1.9949810383542317,6.293322384703715,0.6979166666666666,0.2778232806275624,0.7334325396825397,0.14841136895321724,30.437142245257704,11.548512588362778,0.671031746031746,0.23524198612131655,0.7552083333333334,0.29114982008906237
Liu2024,16,0,2.966221706938318,5.821601399502246,0.7420634920634921,0.34765294435567884,0.8641369047619047,0.47797448632982603,2.939656059322146,3.801471277242831,0.9294146825396826,0.530794031212007,0.6573412698412698,0.14659942178609334
Liu2024,17,0,6.741556180991581,3.8744528007872927,0.8574900793650794,0.3885875990670323,0.6895833333333332,0.2001441749788171,8.128479185321765,8.506405378648422,0.8264384920634921,0.3487397411569113,0.6673611111111111,0.12828630873724514
Liu2024,18,0,11.543620875184113,14.810049837961182,0.7651289682539683,0.2667567224567269,0.7224206349206348,0.3043869872605179,1.295613274138598,13.221368527431176,0.663640873015873,0.14928142371337258,0.8112599206349206,0.2611962415997727
Liu2024,19,0,1.4979580743890306,25.777155232785358,0.7245039682539683,0.23200766614458002,0.7720238095238096,0.2805750037168971,2.320938395244456,1.8072739057757834,0.7216765873015873,0.2884892735487529,0.6751984126984127,0.16813266405873575
Liu2024,20,0,27.180867785478785,3.1808026281412274,0.7374999999999999,0.25561497029890884,0.6348214285714285,0.14316398011823162,7.239803897176171,8.682792368706991,0.7802083333333334,0.2650618689422682,0.6361111111111111,0.14373915747219956
Liu2024,21,0,4.660330977850832,1.4376639599686352,0.8056547619047617,0.38073335172571826,0.681795634920635,0.2269468951720028,8.566183316649099,4.257806474841797,0.8506944444444445,0.39022956700396083,0.7276289682539682,0.18839619622353246
Liu2024,22,0,7.293104690867593,3.834710561805602,0.7408730158730159,0.29898196204062993,0.6719742063492063,0.22246471093800424,2.7557710983139425,88.2119885569316,0.6657242063492063,0.169469829313211,0.7427579365079365,0.31543494609774336
Liu2024,23,0,3.922440396683949,4.849875448079349,0.9751984126984127,0.3213692657454749,0.7606646825396824,0.2920030198132257,1.531943193028207,1.932417970426674,0.7628472222222222,0.25974052332574216,0.6388392857142857,0.17240177771811682
Liu2024,24,0,3.6588169643696413,8.368191935748458,0.7332837301587302,0.18136042016442125,0.722718253968254,0.2231103001036927,1.8080740359857266,3.640187241680741,0.952529761904762,0.5116007323762578,0.7883928571428571,0.3252418036972874
Liu2024,25,0,10.149125700307835,2.7280745917401483,0.984672619047619,0.6186639246872728,0.6851686507936509,0.19456844275115925,2.506757418887478,1.4078991076539165,0.847718253968254,0.3588061723990695,0.8737698412698415,0.34856206214697893
Liu2024,26,0,9.89053617808173,11.666712521317846,0.8974404761904763,0.2563254342277013,0.6960813492063492,0.1907287532322842,3.276882577412959,4.395420501630943,0.7945932539682539,0.41235961283611006,0.6594742063492064,0.13936564005645996
Liu2024,27,0,2.3631579943463215,1.2409155741278712,0.9577876984126984,0.4289952380477437,0.888888888888889,0.6322634103769729,1.116720705186154,1.1731442683043234,0.8398809523809523,0.3156107278444864,0.7701190476190476,0.3078436369916675
Liu2024,28,0,14.279949199498938,35.348087850616366,0.720734126984127,0.27223742211299984,0.6844246031746032,0.17857155658270574,3.294758915708377,4.33412880576465,0.8284722222222222,0.37450983333107307,0.7393353174603176,0.24898644060502995
Liu2024,29,0,4.752124576974567,1.2524730080423343,0.8307539682539682,0.2699927507920827,0.754265873015873,0.3334788934740227,13.252237820600941,2.7684005538943786,0.9815972222222221,0.45697387959836594,0.6438988095238095,0.14983705775623604
Liu2024,30,0,7.3443818368091165,2.680649219596216,0.7396825396825397,0.3265808304880646,0.7774801587301586,0.32562168028645716,56.85975780544208,93.95626417301092,0.8078373015873015,0.3569757783495658,0.6544146825396826,0.17592344746198552
Liu2024,31,0,53.116157275741195,5.840152050771711,0.6400297619047618,0.162011577501228,0.7467261904761905,0.25711069945601245,1.6074699094389295,2.7914596738851465,0.7033234126984128,0.25424850895809376,0.6164186507936508,0.08487058860492284
Liu2024,32,0,3.132105905839955,5.096962461909636,1.0938988095238094,0.5491409360650271,0.6720238095238096,0.13065769291692572,1.8206314818941178,5.049858776243331,0.7337301587301587,0.22357508749520794,0.9225198412698413,0.5242160972392821
Liu2024,33,0,2.019405693537477,14.373521583957286,0.8365079365079365,0.3398671524849892,0.6659722222222222,0.1578748563695044,7.312389243786348,4.205155180033479,0.693452380952381,0.19069922574413592,0.7369543650793652,0.2661546751009502
Liu2024,34,0,4.360029120462909,6.6770296585837805,0.8702380952380953,0.4120584661587759,0.6495535714285715,0.13150324304761649,2.033984011163726,2.9271373771620666,0.8020833333333334,0.39929531864721773,0.6318452380952381,0.16093582013485663
Liu2024,35,0,6.7557104494448055,1.5937936942567383,0.8572916666666667,0.3973840347090854,0.7253968253968254,0.2527325466194912,1.2868326861721169,2.186871434210731,1.006795634920635,0.4459032413486352,0.8834325396825397,0.3031440670074206
Liu2024,36,0,3.582873165971959,8.659868000152947,0.7100198412698412,0.1961153476828189,0.6282242063492064,0.12866885704732822,2.286260385442079,8.961668617752906,0.743204365079365,0.2837444446074413,0.585515873015873,0.10682320983957154
Liu2024,37,0,3.734546881543244,2.5973447110728247,0.677797619047619,0.1307220925495248,0.6411210317460317,0.19484714728872468,6.716355796112045,20.816295410780977,0.751904761904762,0.34437964134653026,0.6519841269841269,0.219495932648785
Liu2024,38,0,3.7021965209117553,187.22174215851226,0.748015873015873,0.184396696602201,0.5748015873015873,0.07226914068579547,12.426462534576416,9.354941042912408,0.7201190476190477,0.2788028385016748,0.5805555555555556,0.07989954551290844
Liu2024,39,0,1.254252560508568,10.527373807998496,0.7354662698412698,0.22134552863216203,0.6773809523809523,0.16341424443851935,29.66979022780063,4.999331620966102,0.7167559523809524,0.22750609890111426,0.5838293650793651,0.08560924570324734
Liu2024,40,0,6.616440014588083,16.74333312555656,0.7764384920634922,0.4037500917812562,0.6086607142857142,0.1529320165151369,5.157689721999371,2.0697624004534454,0.9140873015873017,0.4174790755567021,0.8250000000000001,0.4400451887256505
Liu2024,41,0,5.125590866550424,8.390660608109075,0.8617559523809524,0.3792468183324385,0.8312003968253969,0.4089405739641605,2.3090072027486834,1.7345619807141455,0.8753472222222222,0.5655362186321679,0.6628968253968255,0.21578594610995525
Liu2024,42,0,4.925778801449897,2.55166468760573,0.7622519841269842,0.3323509879769539,0.6101190476190476,0.1111273698829305,3.453741587618225,3.926479071303597,0.7211309523809524,0.32545328974871596,0.6638888888888889,0.2629039735784658
Liu2024,43,0,6.3865465314759335,11.768779347314895,0.8447420634920636,0.3046574687741669,0.6142361111111111,0.0944390708680396,5.047654592446562,3.0325532724327373,0.8954861111111111,0.42011209009340716,0.6626190476190476,0.10652702294720486
Liu2024,44,0,11.9054516153333,5.17973811648652,0.8032738095238096,0.3742556592031972,0.6693948412698414,0.15158652144517926,6.527020710338699,3.524737093225557,0.9491071428571428,0.47841099148738914,0.7600198412698412,0.3754523245142361
Liu2024,45,0,4.504955713976637,29.723720285380846,0.7875992063492063,0.27055168683569863,0.6052579365079365,0.0992370968917437,6.7670871174517755,3.66288978014703,0.8033234126984129,0.28745122375793325,0.7399801587301588,0.22996795988158716
Liu2024,46,0,3.3419647563347534,2.4486774542819565,0.9012400793650794,0.39463025224817194,0.8049107142857143,0.46359416545394067,5.948250079858867,3.728305835727848,0.7467261904761905,0.19822412192826375,0.6804067460317459,0.1598875875123362
Liu2024,47,0,1.7371463199901236,103.61833417222107,0.7165674603174602,0.209731991111058,0.6868055555555556,0.2213733830488435,10.025522081336897,2.896711863618289,0.8508432539682541,0.41187269360881973,0.7930555555555555,0.34302792232296286
Liu2024,48,0,4.198176155439973,6.353584097101508,1.0029166666666667,0.5840787336415554,0.6109126984126984,0.10110442334006697,4.190114181981003,2.924323630315996,0.7102579365079366,0.22055541838098436,0.7405257936507937,0.2642860899194602
Liu2024,49,0,1.7371344852230213,103.00129952879415,0.7165674603174602,0.209731991111058,0.6868055555555556,0.2213733830488435,10.025474301684135,2.8967179803571894,0.8508432539682541,0.41187269360881973,0.7930555555555555,0.34302792232296286
Liu2024,50,0,4.666829207207702,1.9299294360408241,0.7022321428571429,0.29068944479449094,0.7448412698412699,0.22592756346251464,2.13479819703451,16.963827501007305,0.9132936507936508,0.4372832093828913,0.6068452380952382,0.08037697468237544
PhysionetMI,1,0,1.2745068759965132,2.092795384905674,1.047395833333333,0.6359733154599413,0.7534598214285714,0.3213923472770162,7.134120930497609,3.019929999447957,0.6858630952380952,0.22925990292083698,0.7653149801587302,0.3102892303608789
PhysionetMI,2,0,6.344258774044353,1.2655444540918097,0.7526413690476191,0.23292244464379372,0.5943824404761905,0.09841596658430392,1.9657949233717966,19.844045138591127,0.7355357142857142,0.2644703285157082,0.6183407738095238,0.18582791159646087
PhysionetMI,3,0,1.7694762906476627,4.207426790033167,0.9386904761904761,0.49453091673797905,0.7901785714285715,0.25057056013140416,5.002194180580565,7.071041383146276,0.6788690476190476,0.206808009697778,0.7843377976190476,0.29424007983797157
PhysionetMI,4,0,23.043484926734692,1.0207296093505576,0.7675223214285715,0.29951295591902033,0.7543154761904761,0.2921972116735192,5.274820315751833,5.578326504973389,0.8356150793650793,0.4037083449597813,0.6867931547619048,0.23555185411840518
PhysionetMI,5,0,2.3637223695836855,9.041651351339342,0.7485714285714286,0.2581501177943826,0.7086309523809523,0.31619475803881214,34.97337813422449,2.2648501781354344,0.8346354166666666,0.35457037582225753,0.6723958333333333,0.16803360284099877
PhysionetMI,6,0,7.60368096928122,2.0159302009435764,0.7861979166666666,0.2279666506715999,0.7531250000000002,0.29047818718469925,1.0221186503294601,3.019500991527455,0.6455357142857143,0.2270888644582714,0.5979166666666667,0.14075251505579647
PhysionetMI,7,0,9.888423451988201,3.220209553248139,0.8975818452380953,0.5981091739586897,0.6368675595238097,0.13202800760144542,2.19532159810974,83.76381845628461,0.863578869047619,0.3621599088509458,0.6627976190476191,0.1366588715679706
PhysionetMI,8,0,6.3483777064962545,1.428142175612231,0.7203869047619048,0.20643637928791306,0.5910714285714286,0.10100535566537273,8.153098174456536,3.556383012087767,0.7442708333333333,0.29352180650070214,0.6899925595238096,0.23067448354924988
PhysionetMI,9,0,9.54233144581094,2.7070788928848537,0.70859375,0.2723206625735503,0.7036458333333334,0.1728725226420079,2.3417858971381627,58.68978150029579,0.7729166666666668,0.3701076620536688,0.6461309523809524,0.09264721733890924
PhysionetMI,10,0,1.8832427096144484,10.89064400383905,0.7117187499999998,0.30511076861670117,0.6702008928571429,0.301075130455966,7.4247721545138035,1.8635397588826972,0.7958333333333333,0.5054178267749811,0.8788690476190476,0.5047960993428283
PhysionetMI,11,0,0.8863084663156681,11.528295814616714,0.8246651785714286,0.48174300991238245,0.756361607142857,0.3959990428812144,3.7865916514672335,7.777144330125689,0.6557291666666667,0.19171667671428802,0.6787946428571429,0.3025891434282653
PhysionetMI,12,0,4.770461201190284,6.770679738817343,0.8023809523809523,0.33925519716987645,0.7110119047619046,0.1762056967086519,8.517443726164409,1.794096046428698,1.093229166666667,0.6096846563726667,0.6557291666666666,0.14182807792184468
PhysionetMI,13,0,1.1443563642839578,678.654566142786,0.681063988095238,0.2874169289751338,0.7467633928571429,0.2828555024454588,3.392027610287755,6.737351353123665,0.7825148809523809,0.31968902447950504,0.6675223214285714,0.19359007400493597
PhysionetMI,14,0,1.932767984580526,1.8041726633853328,0.7118675595238096,0.21895010996784472,0.7072420634920635,0.2183361415843331,3.1905293067149256,4.433657729370355,0.7558035714285714,0.31728993913825027,0.7487723214285714,0.2924556721847181
PhysionetMI,15,0,5.008340739821166,3.0520678869337785,0.7446180555555554,0.383236971368698,0.6800967261904761,0.25281348044429003,5.371193781941322,2.9032984232173984,0.7641617063492063,0.39098110824102794,0.7635044642857142,0.354822901841702
PhysionetMI,16,0,11.831575531815167,10.164616533089154,0.790438988095238,0.2729323410133194,0.6588913690476191,0.17794729727299421,3.969791200538085,1.5012911802637945,0.735763888888889,0.2913924555846877,0.773720238095238,0.34909170386103555
PhysionetMI,17,0,19.816413480159618,3.594326926058683,0.7257812499999999,0.36405995574792344,0.6686011904761905,0.20734647110075785,8.523093698009047,5.1197295816013275,0.6548809523809523,0.13308793968118046,0.7154761904761905,0.31784650774272505
PhysionetMI,18,0,9.46603552513878,1.4340031237724655,0.7668526785714286,0.38803685274533734,0.7241815476190476,0.2248028804885133,9.542940272418482,1.9752870508721994,0.8762276785714288,0.35695364975869487,0.9520833333333334,0.5010029332210251
PhysionetMI,19,0,3.3048958525799637,3.2504040849673217,0.7526785714285714,0.3262548105556596,0.7121279761904762,0.22074223131070767,3.8985398984710895,41.41713916162713,0.7999503968253968,0.38401582298055265,0.563764880952381,0.06939626942830887
PhysionetMI,20,0,2.570518642072775,3.183915275816562,0.7372395833333334,0.2585933144732226,0.66796875,0.2681507400467508,4.628751931876685,2.4326559324996873,0.8597470238095237,0.3619872914750168,0.691108630952381,0.21007539440808354
PhysionetMI,21,0,12.50867847553362,1.9889752120735338,0.8455729166666667,0.2689632020819144,0.8186011904761904,0.47118382038784024,2.0284923293498918,1.19542253794809,0.8538194444444445,0.38931056252297097,0.7851190476190476,0.25359066042400286
PhysionetMI,22,0,46.2404412225257,3.5617742046231555,0.850186011904762,0.22264566466517566,0.7143973214285714,0.2110577460798686,7.886410194516247,14.041086245580168,0.6828993055555556,0.19369677281262968,0.725483630952381,0.29284532652251527
PhysionetMI,23,0,9.040754404635871,4.336515282141575,0.9367559523809526,0.5327465030130824,0.7345610119047619,0.39081913948226593,6.900942376978666,3.949638517320818,1.006138392857143,0.6054873556671928,0.6683035714285714,0.1757993421727767
PhysionetMI,24,0,5.711236083248774,48.411625614165565,0.7805431547619047,0.31485088742065626,0.6514880952380951,0.19947241753128653,5.452511052729093,5.083349636024117,0.8627232142857143,0.43063093384173695,0.6242559523809524,0.1480529649804633
PhysionetMI,25,0,2.0153250890879453,1.3949802387477945,0.976078869047619,0.5927586764483731,0.6339285714285715,0.19020223843942763,4.015152844453439,0.9598371034825309,0.6379464285714286,0.2054357188322542,0.71328125,0.3190686117655626
PhysionetMI,26,0,2.0175203798166743,2.032125290018057,0.7588541666666666,0.28322383655548444,0.7721354166666666,0.31307517115544914,2.084225932930092,1.8042595803131045,0.9320932539682539,0.45622803255216876,0.7258928571428571,0.20027457483125388
PhysionetMI,27,0,12.818497886145762,18.757958406151317,0.9865451388888888,0.5494015629409398,0.7032738095238096,0.1513644996779134,3.5076505246334384,4.185749562041006,0.8132812500000001,0.35143759752910064,0.6378720238095238,0.12493202642616684
PhysionetMI,28,0,10.481928703170366,3.683101062140215,0.8872023809523809,0.4376010796684309,0.7483258928571428,0.27394779264465297,27.093972057207527,4.082998070720867,0.7510416666666666,0.2253691801349713,0.6527380952380952,0.15813347832820965
PhysionetMI,29,0,1.966382816829807,1.396258143708116,0.605282738095238,0.13690916471906303,0.7078124999999998,0.267529289759491,1.223903375968524,1.6122625145944223,0.6470238095238096,0.17880665979348265,0.5677455357142857,0.09003969482109515
PhysionetMI,30,0,29.928929181089202,11.181923035918137,0.62890625,0.14373434944502575,0.8562499999999998,0.5546920004278059,4.334311437976883,24.264265744760152,0.9089285714285715,0.5405510727402305,0.6907738095238095,0.17318215102006748
PhysionetMI,31,0,3.493514035345195,5.158913434589161,0.7246651785714286,0.375161473042447,0.8656622023809524,0.47119157923614313,3.365999677774331,4.4176257195597035,0.7787499999999999,0.31431075767306943,0.7392857142857142,0.3050351936858329
PhysionetMI,32,0,5.255119869838239,2.9812190439671995,1.104464285714286,0.6624589665999356,0.6062003968253968,0.12964079267609976,4.133733530149627,7.533604672684613,0.8083333333333332,0.3401726741190562,0.6401041666666667,0.19792582947826617
PhysionetMI,33,0,2.063007904875542,3.702288560695821,0.6200520833333333,0.14213898523282395,0.6887648809523809,0.2300798207482765,1.2418800519374187,60.074354796498966,0.6188492063492064,0.16905829617508386,0.5833333333333334,0.11665627271854391
PhysionetMI,34,0,1.0116619962809674,896.1478027409165,0.7752976190476191,0.32267060110765317,0.6061507936507936,0.1350646758838354,0.8940603576069547,2.419963045271419,0.7466145833333334,0.30473351787193176,0.6764508928571429,0.15935079847118147
PhysionetMI,35,0,1.456789685508963,2.6691415462079555,0.7011160714285715,0.2911784966962223,0.6050595238095239,0.10250150438825313,2.232915768419192,4.410508588346364,0.7913318452380951,0.354678393310172,0.6668526785714285,0.18529595316358907
PhysionetMI,36,0,5.789181521316485,2.50211245060736,1.1716021825396825,0.47589089676085666,0.6649181547619047,0.21831292600475813,4.953771213064582,17.629570844871484,0.8294890873015873,0.41378857253127926,0.7517857142857144,0.3424780783685683
PhysionetMI,37,0,5.951497305670167,2.99392279197599,0.8456101190476192,0.3309368668077964,0.7244047619047619,0.24265496495119354,6.627741234870615,3.3027630871407325,0.8088169642857143,0.3874887409361287,0.7922619047619047,0.27474940612798704
PhysionetMI,38,0,2.4671326670288796,4.96778259072692,0.8126488095238095,0.2825449508918893,0.7008556547619048,0.24025590372245573,2.138408589983291,5.85814728501494,0.8276785714285714,0.3366657714264156,0.6824404761904762,0.16242057090492554
PhysionetMI,39,0,6.9671999785234044,0.8475455852389929,0.8444940476190474,0.37279212741334833,0.7594122023809523,0.25067115525302697,1.5919947766581195,26.212680293416167,0.8205729166666668,0.39288652640831745,0.7351934523809524,0.41681692566860035
PhysionetMI,40,0,3.5469845270403257,2.819486527554133,0.6473214285714285,0.16794064705492398,0.6678571428571428,0.22405210164519143,1.9561993691062618,1.8113277035761925,0.7669270833333334,0.33233301240482765,0.7763020833333334,0.2860763110272286
PhysionetMI,41,0,47.08356340537626,6.84486901146028,0.8012152777777777,0.4774824987176514,0.6918526785714286,0.19186545616223474,3.160934959387156,2.4231447389812613,0.7324404761904763,0.31016897590665365,0.8005952380952381,0.2882574427796119
PhysionetMI,42,0,10.17906968078587,1.2030755448067194,0.8340029761904763,0.45067964827882473,0.6355282738095238,0.18880905126981282,2.6480040623707066,23.40219227556351,0.8849702380952381,0.40933504780464264,0.5832961309523809,0.11033321221573078
PhysionetMI,43,0,56.458238716146916,1.5930436094406104,0.7418154761904762,0.3105979697764562,0.6577752976190476,0.2530886295177422,1.427567567853677,12.264549628793072,0.8512276785714287,0.495060054986639,0.628125,0.14800574057669216
PhysionetMI,44,0,3.868868246301498,3.5353732782216873,0.7326388888888888,0.18512185968488812,0.6467633928571429,0.13964616686474265,17.39630905046669,32.941774447356636,0.6912574404761904,0.2814629332665685,0.7125744047619046,0.2555898167080388
PhysionetMI,45,0,20.605997051900776,9.698939252897823,0.8765997023809523,0.45758012271121445,0.6776785714285714,0.1637771730497407,4.526183500451122,32.39537313897467,0.8699776785714285,0.37918148881126035,0.6382440476190476,0.17170146947082618
PhysionetMI,46,0,0.7856239850716408,1.9092256845304327,0.729873511904762,0.3485954631608314,0.6652529761904762,0.17071868945314797,1.0921437694593903,2.9668056899743918,0.6998511904761905,0.3296575630201274,0.6959449404761905,0.2412147532941357
PhysionetMI,47,0,4.887317497502482,5.033568833254594,1.0005208333333333,0.47669590515088744,0.9839285714285714,0.5536085285050928,11.632068325085577,2.5601264338434544,0.6681051587301589,0.19353580931304046,0.8293154761904762,0.3157673161629529
PhysionetMI,48,0,11.71574705645565,12.07506644607721,0.5693452380952381,0.08594249981961226,0.5938244047619048,0.13033194814618787,8.408041430693755,27.84396123769064,0.6637276785714286,0.1665444187633252,0.7566592261904761,0.23875183078785733
PhysionetMI,49,0,2.6662687328498405,1.5900698318837634,0.7202380952380952,0.23057857100060855,0.7004464285714286,0.22827776015563908,2.3091417792617226,2.1613908511555686,0.6559151785714286,0.1954255441722963,0.6062127976190476,0.0998210789545826
PhysionetMI,50,0,13.846952172570065,1.8324246509122821,0.6714285714285714,0.22209518329079736,0.6474330357142857,0.11308798810187692,122.9260646715327,1.8031548863605635,0.9896577380952382,0.5279722382650052,0.8169642857142856,0.4635657409945966
PhysionetMI,51,0,10.375044925839402,2.7641975382668313,0.6598958333333332,0.1641690125589409,0.6517485119047618,0.12760168142432446,28.4523017210137,3.0122295700043042,0.8187996031746033,0.3122217478696709,0.6854166666666667,0.21914597150154594
PhysionetMI,52,0,1.0697850816477568,6.922487249029982,0.6663318452380952,0.24954918454226582,0.8142113095238095,0.26640227984186277,1.3824867452463707,2.3428214009645,0.7095238095238096,0.40159637074568183,0.6541666666666667,0.18660826173492037
PhysionetMI,53,0,4.49769185024265,17.058993452727762,0.7678943452380952,0.3262240072663017,0.7636904761904763,0.2644258332551848,1.8186028592191994,3.453565811044838,0.6787946428571429,0.23673775849723802,0.7144717261904763,0.2320953674772913
PhysionetMI,54,0,1.3184206468340207,6.628965332962355,0.7066220238095239,0.26070596860946,0.6325892857142857,0.1506391691192274,7.115766627456773,3.5481270135616403,0.7829365079365079,0.384201681901122,0.6961681547619047,0.27992759428049246
PhysionetMI,55,0,3.845188713036437,14.906578921624837,0.8795758928571429,0.4448360442618622,0.7095982142857142,0.28940034208815574,9.184785187092341,5.157597844453254,0.6528645833333334,0.16891570237993103,0.6787946428571429,0.2576505145044551
PhysionetMI,56,0,3.467524104863022,2.8110076514803404,0.8139136904761907,0.42378369096877,0.7769717261904763,0.31092263605132037,1.4438694012846052,2.3667299011823366,1.080171130952381,0.7739915875211846,0.74453125,0.33814139312264296
PhysionetMI,57,0,10.816045142494707,7.482239245457645,0.6440104166666666,0.1624129299352609,0.6633928571428572,0.14606043061696733,10.17645668805942,3.1789052357688576,0.7636904761904763,0.345777118257869,0.781845238095238,0.38015573963121074
PhysionetMI,58,0,10.511167249885368,8.722479150093582,0.9807291666666665,0.46285170295490236,0.8197916666666667,0.3165051755492799,2.226681107954351,13.182919185181158,1.0779761904761904,0.683005404200693,0.680654761904762,0.20709222902475596
PhysionetMI,59,0,1.3356163058478268,1.7448429098687719,0.94765625,0.5921399511722006,0.9448660714285714,0.5448630008564773,4.265871125181111,2.3621634226169888,0.7842261904761904,0.3365718141350779,0.6758928571428572,0.23940666980570435
PhysionetMI,60,0,0.9211574381139793,3.38145693283214,0.7648065476190476,0.33246691290818087,0.727157738095238,0.2866542931237689,3.7247820726535075,6.13456093194941,0.7511904761904762,0.2974898384052081,0.6748511904761906,0.19340392910113904
PhysionetMI,61,0,2.098436432533918,8.531276766082287,0.8071056547619048,0.3742228184321843,0.6123015873015873,0.11621916203174983,3.1184087060121697,21.848322810439416,0.9796875000000002,0.45848475812678147,0.6599330357142857,0.15118622991143515
PhysionetMI,62,0,3.949732976231605,1.491905305673859,0.6453497023809524,0.2006620118398967,0.632328869047619,0.16068491249965558,1.4449745678434,87.68244359762588,0.6812872023809523,0.15824424357194508,0.7178943452380953,0.30562435664520554
PhysionetMI,63,0,2.1231988978630607,3.9521332938653653,0.9355530753968253,0.2382120096662279,0.8086309523809524,0.4164168212530079,2.1302449419958447,12.731995959874178,0.7663318452380953,0.3022406047107285,0.5857886904761904,0.0657953073300884
PhysionetMI,64,0,5.701082281110168,10.636960133117894,0.72265625,0.2170928294209188,0.7130952380952381,0.31748682117837357,6.962679318198467,3.3968645802308433,0.6727306547619047,0.18449180847948007,0.723139880952381,0.2892661059339143
PhysionetMI,65,0,30.50233865109564,4.662733229706427,0.8867559523809524,0.3949996683084925,0.655171130952381,0.21524532851311032,7.662072543157738,25.4167238952994,0.86765873015873,0.3818327087815098,0.7421130952380953,0.30757022483637325
PhysionetMI,66,0,1.272840465737084,3.4185193033584884,0.6350694444444445,0.18506993350156697,0.7915178571428573,0.2759653616090309,1.8706118774500975,1.5808330326026914,0.9248883928571429,0.7135320551715557,0.6990699404761905,0.3076899709932614
PhysionetMI,67,0,4.906407893348983,2.7974258564054804,0.7748214285714284,0.2980702573328277,0.7468750000000001,0.3026266484366665,7.098080386707713,59.57049720987346,0.8248511904761905,0.2480456931851687,0.7051711309523809,0.21186725954410027
PhysionetMI,68,0,2.7700402620764493,10.827980591745872,0.6375496031746032,0.13765640039920368,0.6468501984126984,0.15534273051372724,2.852090047141369,1.947063621722006,1.049776785714286,0.48222757368501384,0.6963541666666667,0.22465717268255714
PhysionetMI,69,0,8.973622547574193,11.990436098052852,0.8221354166666668,0.35876430585608327,0.6666666666666666,0.25378193859453624,5.239003649267467,5.284895252245337,0.9724404761904761,0.4067830599856419,0.7113095238095238,0.31542806378745986
PhysionetMI,70,0,4.162807270429281,5.70772629388009,0.6930555555555555,0.1818950684987658,0.6727083333333334,0.12950838093127692,5.469561526722142,10.881257427864172,0.6657738095238095,0.19128521618039132,0.8251736111111111,0.2647982425758256
PhysionetMI,71,0,10.942582524696547,22.121089868010475,0.7888020833333332,0.32375601468403803,0.7769345238095239,0.35470715454172935,6.310041329784494,3.7184475009844236,0.8431175595238095,0.49733438336123686,0.8336309523809522,0.4589082666386836
PhysionetMI,72,0,1.0624185113866276,1.2466420739359159,0.7349330357142857,0.27561400641607064,0.7254092261904762,0.27904726065673546,0.9958039782727784,2.396373925182528,0.6250744047619047,0.19400953872817062,0.7410714285714285,0.28419907177636056
PhysionetMI,73,0,2.0545417740758958,4.600802246158952,0.9129092261904761,0.5121582661844274,0.6344494047619048,0.15092218731921697,1.9155381796525786,6.636449301554265,0.8895833333333334,0.42701608115780004,0.7273437500000001,0.21387391867855565
PhysionetMI,74,0,4.4403788244871505,5.909357371899791,0.88671875,0.4415126368803559,0.8713541666666665,0.5260652945920131,23.22046429823365,4.604383940129059,0.8776785714285714,0.3643804080180768,0.7758928571428573,0.42577011143363447
PhysionetMI,75,0,46.37145937054121,2.0876795330027664,0.702641369047619,0.19362417552345665,0.7250000000000001,0.241668610878355,5.212981537779716,10.787568792673108,0.6833333333333332,0.21172465370636148,0.8305431547619048,0.4589166401297596
PhysionetMI,76,0,81.58723297679678,50.7517999530728,0.6699032738095237,0.21247916246521803,0.6566592261904762,0.14560179903605827,2.976050371383099,3.1991618345930797,0.7412574404761904,0.31017337514583804,0.7002108134920634,0.223868982541322
PhysionetMI,77,0,0.9378626693682203,2.3818972886773624,0.7764880952380951,0.4563127294895514,0.8361607142857143,0.31881162944525104,13.442790702085892,2.524216820350731,0.7265625,0.27768808672959616,0.6904885912698413,0.2138096916487174
PhysionetMI,78,0,4.872744613148783,4.16290963265935,0.7957837301587302,0.286075961181933,0.737686011904762,0.22625513439852965,2.2935224835996504,2.3843045621565584,0.8458333333333332,0.40883149427140947,0.8726190476190476,0.38136791807430254
PhysionetMI,79,0,6.915782134319971,3.6429655992069137,0.7904017857142858,0.3588724547454629,0.6445684523809524,0.18592164954462773,12.756138445938424,1.069628408108891,0.8078869047619047,0.29921646959740833,0.7158110119047619,0.2144737986396401
PhysionetMI,80,0,0.7677124421684384,24.301668158752648,0.7107514880952381,0.3094361850135059,0.8389508928571429,0.39788512926545877,5.865970033984685,7.0409685162878235,0.7488839285714285,0.20009272434428158,0.7760912698412697,0.26727822357810055
PhysionetMI,81,0,7.053039711450449,1.1075350889208204,0.90625,0.37599426997403834,0.9005208333333332,0.540206727045044,4.418768320582079,5.195876669502181,0.7869791666666667,0.2866597939694585,0.6799479166666668,0.18558009974245313
PhysionetMI,82,0,5.9050278225144135,18.61144904494526,0.9123511904761905,0.3279202487034199,0.7853422619047619,0.328750771002345,193.97129963281103,13.568637539660969,0.8129464285714286,0.3883654642377303,0.7422619047619049,0.31158537993776003
PhysionetMI,83,0,21.058801820004412,1.5962020575553524,0.6820560515873016,0.20555627291910425,0.7356770833333334,0.3282930556263149,4.374198125132216,2.362276211403515,0.7396205357142857,0.38846851931926274,0.6616443452380952,0.16981622672207555
PhysionetMI,84,0,23.729124960740226,13.11036179465359,1.0032366071428571,0.4734598131308514,0.7519345238095237,0.18149472576628264,2.70499795872265,33.43930103236235,0.8547619047619047,0.5438864952466466,0.7008928571428571,0.20952460130981013
PhysionetMI,85,0,2.7213649391851713,13.034712652787668,0.6944940476190476,0.2753347419921828,0.6752232142857143,0.15209198829215295,2.328978319843122,8.612088402328824,0.8326636904761905,0.4088829579655049,0.6148809523809524,0.1008378576547614
PhysionetMI,86,0,3.0902473771116905,5.344344069885025,0.6825520833333333,0.2033835290018974,0.6868427579365081,0.26860317300658104,1.6771972809478897,2.9841601641398925,0.7168526785714286,0.3444232746193347,0.6742559523809524,0.19634011429468243
PhysionetMI,87,0,58.717581069274765,1.8259427289188475,0.7286210317460317,0.3136925957495341,0.6596850198412699,0.2074432658759544,2.124183959772204,3.539427415056565,0.6632688492063492,0.14186488242450443,0.7199776785714285,0.22490546905124298
PhysionetMI,89,0,28.489252313824096,0.8835091921586834,0.8815476190476191,0.3992008846240516,0.8132812499999998,0.32282742369559286,3.707682586849461,3.4135154699556707,0.6977678571428573,0.21691113122736436,0.7952380952380952,0.3037513822395581
PhysionetMI,90,0,5.942718464148855,3.213870944832344,0.6794270833333332,0.2310974417781321,0.9050595238095237,0.4378817052254216,2.0303029371458954,2.2465149457837983,0.831547619047619,0.2877848191641406,0.7777157738095238,0.32448010857187276
PhysionetMI,91,0,6.387242115521789,3.2738653571783147,0.7065848214285714,0.28898629831828276,0.6764508928571429,0.20701277878011473,7.7957427047008565,3.8950908801183126,0.7692708333333332,0.2924145759714714,0.7815476190476192,0.2915157325527437
PhysionetMI,92,0,8.847300832164427,3.3260035564207193,0.8256944444444444,0.45890358626987626,0.7522652116402115,0.24488576046387114,3.618245191692182,2.5233826131702872,0.7241145833333333,0.3237184829384235,0.7697395833333333,0.40444922845087067
PhysionetMI,93,0,21.511717898210975,9.395847696759047,0.7065848214285714,0.23022642808013805,0.8027529761904763,0.3587488271651123,3.145982178281559,8.245420163708166,0.6731026785714285,0.181354974935429,0.8035714285714285,0.3367254375763169
PhysionetMI,94,0,1.933874822019946,53.67763451097142,0.6735491071428571,0.2625276615901244,0.6417782738095238,0.17529232514624002,3.0449574636420276,4.009950578081547,0.6194568452380952,0.15344400876740513,0.6213541666666668,0.1432729702377016
PhysionetMI,95,0,3.9450249917719358,2.219084642112204,0.7444568452380952,0.24129461028934196,0.649032738095238,0.19004968727499771,3.281817495795362,2.3436330968026264,0.7659598214285714,0.29652608506865213,0.6808035714285715,0.20236812390786443
PhysionetMI,96,0,1.6156617131134803,188.70240600368325,0.7297247023809524,0.23783371230282455,0.7573660714285714,0.3959799969040074,1.2764472095491721,3.3811448237100348,0.6522693452380953,0.1934020756473714,0.7190104166666668,0.23092756795251038
PhysionetMI,97,0,1.1056937768093655,9.274589373855255,0.7040178571428571,0.24455605159760033,0.750483630952381,0.346595453158602,2.2847723476838886,2.335609634755082,0.7448288690476191,0.26893628341306713,0.7111235119047619,0.17682846112044595
PhysionetMI,98,0,1.8564611721658915,2.8046194742900354,0.7000744047619047,0.29678338536153875,0.7777901785714286,0.2775862293645955,1.9762939983187726,3.980404700419866,0.6809523809523809,0.20722484479500233,0.7345734126984128,0.19888137888703508
PhysionetMI,99,0,5.188812149665222,1.2180430471268677,0.8456845238095237,0.4524121058766566,0.828125,0.4288721455567415,19.919163870400435,25.852614037777357,0.8089657738095238,0.3516896598403605,0.7234747023809524,0.3373054569192755
PhysionetMI,100,0,3.4872816566013873,243.34275413504577,0.759375,0.280982656792823,0.6277777777777778,0.12550011387313784,0.8003494918669646,7.382390562036825,0.6753472222222222,0.2065882493012575,0.7097222222222221,0.22109056043138567
PhysionetMI,101,0,2.914716352636424,3.088042241448336,0.7378472222222223,0.24575360674633706,0.7130952380952381,0.2969113628359115,3.600669970870984,3.710545516267326,0.8389880952380953,0.35323331238578176,0.8702380952380953,0.4592985138173226
PhysionetMI,102,0,5.113234013189146,6.02957274796398,0.9715029761904761,0.5716276610250896,1.017013888888889,0.5341955143836699,5.836258032731988,9.377186170325816,0.936421130952381,0.5038983439133635,0.9318452380952381,0.36317130887586263
PhysionetMI,103,0,8.07704715799684,2.7999064403886345,0.8645089285714285,0.48210338388967355,0.7264880952380953,0.3630629230200894,2.524838043916794,1.8825437756926169,0.9249255952380953,0.4014713017178087,0.7896205357142856,0.35755970947396
PhysionetMI,104,0,10.592808923327443,10.19703333410495,0.9225074404761905,0.49504184426562103,0.5743551587301586,0.08238273775681575,3.600803858052488,3.094482209088596,0.9755952380952383,0.5147680769103525,0.8523809523809525,0.4709865366609957
PhysionetMI,105,0,1.0867480600556076,6.42230399906358,0.7195312500000001,0.19865113771267295,0.6779389880952381,0.1794369400562963,12.773989982650255,24.750660381703067,0.71484375,0.20575529445217797,0.7515252976190476,0.40906518256326646
PhysionetMI,106,0,10.78933075401735,2.052929183291795,0.7460937500000001,0.3424196034273406,0.6825520833333333,0.15986556306192504,6.062347358709954,2.2494921295194565,0.7973214285714284,0.3932368365239281,0.7791666666666667,0.38192776202222384
PhysionetMI,107,0,7.599465382348889,3.6842386289313946,0.8640625000000001,0.2480608611510542,0.6945312499999999,0.16595200962367154,4.756143296739154,6.256059758352639,0.8536706349206349,0.344716130608276,0.8212847222222223,0.19305786559061455
PhysionetMI,108,0,23.416333804640228,7.090937776342571,0.6956845238095237,0.24389485061958438,0.7277157738095239,0.20806317012176745,19.161069433130464,1.536387327134178,0.9045014880952381,0.3778703016556338,0.6657986111111112,0.244292468711642
PhysionetMI,109,0,24.24720720249312,7.290766867473578,0.9512276785714286,0.39909786668509634,0.6756696428571428,0.1925852050200865,1.1181427824388581,3.1992364038947323,0.6552827380952381,0.12903517024424496,0.6486235119047619,0.14349840715354942
